{
 "templeR0013": [
  [
   0.9999993544725542,
   -8.81467349525857e-05,
   -0.0011328215340414083,
   0.014462024805694687
  ],
  [
   8.8209517659556e-05,
   0.9999999945765284,
   5.537169049411365e-05,
   0.0006861075810283661
  ],
  [
   0.001132816647063857,
   -5.5471580391278235e-05,
   0.9999993568244672,
   0.001903037002525611
  ]
 ],
 "templeR0042": [
  [
   -0.9998540108400684,
   -0.010308513852648924,
   0.013626868649038382,
   0.03264057863553624
  ],
  [
   0.01116393647482086,
   -0.9978703466003022,
   0.06426614892911406,
   -0.9994509154904673
  ],
  [
   0.01293535965540055,
   0.06440889626396845,
   0.9978397519404821,
   0.03312994522317302
  ]
 ],
 "templeR0044": [
  [
   -0.9987695665422541,
   -0.04562894067349316,
   0.01942556876934802,
   -0.03560558366054692
  ],
  [
   0.04957638890804458,
   -0.9284551903566048,
   0.3681210957860456,
   -4.5481973524923385
  ],
  [
   0.0012387945092475657,
   0.36863119682535755,
   0.9295749061346632,
   0.8178557552966637
  ]
 ],
 "templeR0032": [
  [
   -0.9852265698722406,
   0.03299875618467951,
   0.16804668431136385,
   -1.713289809370025
  ],
  [
   0.11706994166464355,
   -0.5864090040368872,
   0.8015105169260744,
   -9.531038514608534
  ],
  [
   0.12499293890622806,
   0.8093426728368708,
   0.5738825691279131,
   4.545139130556328
  ]
 ],
 "templeR0034": [
  [
   -0.9725050953511822,
   0.10475203505325079,
   0.20799242935306703,
   -2.137693341882562
  ],
  [
   0.11365313122497928,
   -0.5660597996283587,
   0.8164920507925719,
   -9.804372168373954
  ],
  [
   0.2032653568091368,
   0.8176816705765788,
   0.538590642626057,
   5.327988840704976
  ]
 ],
 "templeR0036": [
  [
   -0.9754785257104707,
   0.06842272732482137,
   0.20918885310446098,
   -2.1622786292190574
  ],
  [
   0.16454857714316085,
   -0.4044902210559168,
   0.8996173780170639,
   -10.816086520775066
  ],
  [
   0.1461691199873895,
   0.9119791617441534,
   0.38331266207437475,
   7.017534307664951
  ]
 ],
 "templeR0038": [
  [
   -0.9769339510692413,
   0.013359515351384577,
   0.21312338819992876,
   -2.233445149652008
  ],
  [
   0.20674961643178646,
   -0.19053905961290118,
   0.9596611187638793,
   -11.530675425864104
  ],
  [
   0.053428937417382624,
   0.9815887072045029,
   0.18338200166603558,
   9.501729913984867
  ]
 ],
 "templeR0015": [
  [
   0.9994070479952659,
   -0.030228719751271206,
   -0.01648565799679632,
   0.19251503394668826
  ],
  [
   0.033723047475346817,
   0.9559952807585316,
   0.29143743623013124,
   -3.4222428873427635
  ],
  [
   0.006950430660306815,
   -0.2918205744453523,
   0.9564478259915806,
   0.5525217345094346
  ]
 ],
 "templeR0017": [
  [
   -0.9975415300491572,
   0.05148739712784244,
   0.047538865827722654,
   -0.5524581736196463
  ],
  [
   -0.06988259054389355,
   -0.7814669438685962,
   -0.6200208376978558,
   7.26329195098973
  ],
  [
   0.0052267930952826155,
   -0.6218186741950391,
   0.7831438035611744,
   -19.92873795528823
  ]
 ],
 "templeR0019": [
  [
   0.9634033839011662,
   -0.24789264759711083,
   0.10199585851923917,
   -1.1178822484582467
  ],
  [
   0.07600889526703651,
   0.6175153242676225,
   0.7828776865736675,
   -9.207037406174297
  ],
  [
   -0.2570536281169101,
   -0.7464744198979276,
   0.6137583992989306,
   4.144921379526249
  ]
 ],
 "templeR0021": [
  [
   0.9718327727432858,
   -0.22974021910700537,
   0.05254039918731043,
   -0.5545372509084042
  ],
  [
   0.07745223179042109,
   0.5219052596901855,
   0.8494798712732413,
   -10.108798390928317
  ],
  [
   -0.2225808024353845,
   -0.8214830075128668,
   0.5249985283358756,
   5.392300113710712
  ]
 ]
}