{
 "templeR0013": [
  [
   1.0,
   0.0,
   0.0,
   0.0
  ],
  [
   0.0,
   1.0,
   0.0,
   0.0
  ],
  [
   0.0,
   0.0,
   1.0,
   0.0
  ]
 ],
 "templeR0042": [
  [
   -0.9998474314100423,
   -0.009195563812720287,
   0.014851111369414883,
   0.01858482401189299
  ],
  [
   0.010132054209696463,
   -0.9978813441815275,
   0.06426635520985909,
   -0.999061239666152
  ],
  [
   0.01422868160555759,
   0.06440702244813214,
   0.9978222687829399,
   0.03913110927610864
  ]
 ],
 "templeR0044": [
  [
   -0.9988106955365366,
   -0.04469498540558282,
   0.019482113884656427,
   -0.03766550197131964
  ],
  [
   0.0487282754947665,
   -0.9286681216915993,
   0.36769698791410177,
   -4.546142172795909
  ],
  [
   0.0016582065993481724,
   0.3682090140577654,
   0.9297415621114735,
   0.8210530080573496
  ]
 ],
 "templeR0032": [
  [
   -0.9833066916942217,
   0.06379994996204394,
   0.1704039801595182,
   -1.7258903890350374
  ],
  [
   0.09541287745245289,
   -0.6166354277191979,
   0.7814455400716066,
   -9.331381758138036
  ],
  [
   0.15493331754534911,
   0.7846593628233861,
   0.6002544056048145,
   4.456452414532035
  ]
 ],
 "templeR0034": [
  [
   -0.9742413962837386,
   0.09310493313033574,
   0.2053902947899609,
   -2.1129139130747996
  ],
  [
   0.12413561925900962,
   -0.5389589789427518,
   0.8331347832422848,
   -9.988097239042755
  ],
  [
   0.1882659018470778,
   0.8371706459520558,
   0.513518509654642,
   5.384785043541515
  ]
 ],
 "templeR0036": [
  [
   -0.9773190836054464,
   0.049331334889607385,
   0.20594617796555445,
   -2.133330642304244
  ],
  [
   0.16892534822236055,
   -0.4048957459816277,
   0.8986232033583015,
   -10.805341536222455
  ],
  [
   0.12771701354386836,
   0.9130311354406215,
   0.3873790264940069,
   7.013586031678973
  ]
 ],
 "templeR0038": [
  [
   -0.9768978849130346,
   0.011720454038304504,
   0.2133849887165807,
   -2.2354730605372795
  ],
  [
   0.20719220859544357,
   -0.1927117885603692,
   0.9591316673153929,
   -11.526702821900114
  ],
  [
   0.0523632614509589,
   0.981185404246822,
   0.18583135188449496,
   9.503022366839037
  ]
 ],
 "templeR0015": [
  [
   0.999271405788408,
   -0.034791710721328827,
   -0.015690584397731026,
   0.18496412903851522
  ],
  [
   0.03786013083911425,
   0.9555750606889775,
   0.29230619884310055,
   -3.435418121874779
  ],
  [
   0.004823698425906978,
   -0.2926872738168513,
   0.9561960529510439,
   0.5441639003841877
  ]
 ],
 "templeR0017": [
  [
   -0.9974414462004565,
   0.053326188737177135,
   0.04761175271200359,
   -0.5575195609371578
  ],
  [
   -0.07137040547439928,
   -0.7810254990115477,
   -0.6204074750647213,
   7.26441065711366
  ],
  [
   0.004102026811450169,
   -0.6222181992585316,
   0.7828331149660879,
   -19.93796860613455
  ]
 ],
 "templeR0019": [
  [
   0.9636007822839752,
   -0.24729761980615195,
   0.1015746997038294,
   -1.1176175085378286
  ],
  [
   0.07573655827783994,
   0.6168829201957483,
   0.7834024741542455,
   -9.215708191983326
  ],
  [
   -0.25639326457989986,
   -0.7471943187745594,
   0.6131583350726658,
   4.138634309431507
  ]
 ],
 "templeR0021": [
  [
   0.9723807341466791,
   -0.22727017294354254,
   0.05314109850743946,
   -0.554425020746677
  ],
  [
   0.07563687887253137,
   0.5222335462109897,
   0.8494416906217377,
   -10.101535386741846
  ],
  [
   -0.22080482425614512,
   -0.8219613079106012,
   0.5249998456029359,
   5.396098169242931
  ]
 ]
}