{
 "templeR0032": [
  [
   1.0,
   0.0,
   0.0,
   0.0
  ],
  [
   0.0,
   1.0,
   0.0,
   0.0
  ],
  [
   0.0,
   0.0,
   1.0,
   0.0
  ]
 ],
 "templeR0047": [
  [
   0.9999209260556872,
   -0.003938923868438277,
   -0.011942634328131215,
   0.2327893659496674
  ],
  [
   0.0033627388936085245,
   0.9988470485897046,
   -0.047888051858156803,
   0.9711977691884892
  ],
  [
   0.012117492441516975,
   0.04784410520006359,
   0.998781311386299,
   0.05083310165683251
  ]
 ],
 "templeR0033": [
  [
   0.9998212889781806,
   0.002185368911176945,
   0.0187780262203366,
   -0.36531896469626873
  ],
  [
   -0.0031364322555360864,
   0.9987055245876427,
   0.050768473985612586,
   -1.0576129364976476
  ],
  [
   -0.018642770682385713,
   -0.05081829710688317,
   0.9985338991643902,
   0.014099431248832645
  ]
 ],
 "templeR0034": [
  [
   0.9998698552244147,
   0.014390629168167409,
   0.007292626800551174,
   -0.13199813824154766
  ],
  [
   -0.015240038686657392,
   0.9908214505418449,
   0.13431527972268642,
   -2.7974355173311296
  ],
  [
   -0.005292809682674588,
   -0.134408939205317,
   0.9909118140517673,
   0.07124042313592058
  ]
 ],
 "templeR0035": [
  [
   0.9993139578091963,
   0.02421295900331286,
   0.028024031544794967,
   -0.5424349427336913
  ],
  [
   -0.029644364386928888,
   0.9765210161550972,
   0.21337271772068547,
   -4.451623168706991
  ],
  [
   -0.02219967089428929,
   -0.21405708963666734,
   0.9765688593173883,
   0.46201586156759944
  ]
 ],
 "templeR0036": [
  [
   0.9984625706146425,
   0.04345333910574705,
   0.03441369497977545,
   -0.6655548537491461
  ],
  [
   -0.052157709953536587,
   0.9466778508075346,
   0.31793178526663535,
   -6.6053408870321615
  ],
  [
   -0.018763485124113216,
   -0.3192379271186119,
   0.9474888271188263,
   1.0885734240238707
  ]
 ],
 "templeR0046": [
  [
   0.9995414077221412,
   -0.017304559486851036,
   -0.02485007987525355,
   0.48282293363113715
  ],
  [
   0.012241703672048703,
   0.9814984741763809,
   -0.19107821927326452,
   3.8632847204704928
  ],
  [
   0.027696839892778328,
   0.1906863849633792,
   0.9812602038448067,
   0.42289319630579386
  ]
 ],
 "templeR0045": [
  [
   0.9981221623545948,
   -0.03804303641644213,
   -0.048009128265415854,
   0.9392184956985857
  ],
  [
   0.020368225735350257,
   0.945288852909824,
   -0.3255980957327961,
   6.57790907300986
  ],
  [
   0.057769234000302525,
   0.3240088146094894,
   0.9442886230694363,
   1.1592069794808213
  ]
 ],
 "templeR0044": [
  [
   0.9980323919089487,
   -0.05088656056044234,
   -0.036631989501408196,
   0.7052214432128304
  ],
  [
   0.02883814492417328,
   0.8913165932764069,
   -0.4524633597844942,
   9.137612492310595
  ],
  [
   0.05567500424638713,
   0.45051669059477556,
   0.8910303055439226,
   2.285828322966317
  ]
 ],
 "templeR0037": [
  [
   0.9972739077419335,
   0.05998116600805449,
   0.042976885199460635,
   -0.8388678083897207
  ],
  [
   -0.07273377397591517,
   0.897202517804095,
   0.4355886134522033,
   -9.011866322532
  ],
  [
   -0.01243185667363873,
   -0.4375270297596558,
   0.8991193175376332,
   2.076675179600751
  ]
 ],
 "templeR0038": [
  [
   0.9959008470297176,
   0.07445839646586563,
   0.051356110456526334,
   -1.0069857395483424
  ],
  [
   -0.09042378513307,
   0.83365220385108,
   0.5448371702595609,
   -11.24837908763038
  ],
  [
   -0.002245432630775958,
   -0.5472476132519624,
   0.8369677459868637,
   3.331909775781966
  ]
 ],
 "templeR0043": [
  [
   0.9983042761428935,
   -0.05475910455522651,
   -0.019748739279337776,
   0.3638328594775419
  ],
  [
   0.03434647713879363,
   0.8280068573596016,
   -0.5596650459637719,
   11.305403883484281
  ],
  [
   0.04699884831533442,
   0.5580377089711647,
   0.828483568710476,
   3.7650552946623574
  ]
 ],
 "templeR0042": [
  [
   0.9968075438057675,
   -0.07586635806862936,
   -0.024880038691996034,
   0.46117525900429446
  ],
  [
   0.03884024694077727,
   0.7330264245906782,
   -0.6790903445561468,
   13.711976726021387
  ],
  [
   0.0697578370471171,
   0.6759560315325318,
   0.7336329379228407,
   5.682911901812968
  ]
 ],
 "templeR0013": [
  [
   -0.9963602262103406,
   0.08292951745976881,
   0.019722950082805116,
   -0.019399598839061533
  ],
  [
   -0.043965633388723946,
   -0.6981734055289982,
   0.7145774407947464,
   -14.854952370095978
  ],
  [
   0.07302960157913534,
   0.7111094085623751,
   0.6992782610286563,
   6.417758758367963
  ]
 ],
 "templeR0039": [
  [
   0.9936565716245698,
   0.07993882085633393,
   0.07909742465722464,
   -1.5474457058596276
  ],
  [
   -0.11217539405480643,
   0.7543193744142745,
   0.6468531227039925,
   -13.335693344974807
  ],
  [
   -0.007956043989023269,
   -0.6516226410303408,
   0.7585015722203141,
   4.730439610267402
  ]
 ],
 "templeR0014": [
  [
   -0.9952509623509243,
   0.09652581619252712,
   0.012581285622926007,
   0.1410050154838265
  ],
  [
   -0.04732262183593286,
   -0.5927263563710649,
   0.8040124600562201,
   -16.65042965851014
  ],
  [
   0.08506521852162882,
   0.7995987951913436,
   0.594479331286143,
   8.665020248824822
  ]
 ],
 "templeR0015": [
  [
   -0.9935689228834985,
   0.11306138836291835,
   0.006157754588639909,
   0.2761887737912161
  ],
  [
   -0.04938620122843921,
   -0.48165372559683894,
   0.8749689661621771,
   -18.064997583812648
  ],
  [
   0.10189111152769251,
   0.8690378651590127,
   0.48413984582093317,
   10.893997450146909
  ]
 ],
 "templeR0016": [
  [
   -0.9927148569920868,
   0.12023196727448515,
   -0.007841348894658484,
   0.5619899699561555
  ],
  [
   -0.051109163126224155,
   -0.36126880674544737,
   0.931059988785501,
   -19.175423987656366
  ],
  [
   0.1091103393437929,
   0.9246778483980392,
   0.3647818670524269,
   13.319353707556248
  ]
 ],
 "templeR0017": [
  [
   -0.9923412471912948,
   0.1210352810185828,
   -0.024684202875086075,
   0.897460070057411
  ],
  [
   -0.05231194752692134,
   -0.23074215635319095,
   0.9716076972870378,
   -19.963857494879836
  ],
  [
   0.11190312448169776,
   0.9654576728320263,
   0.23530655048468407,
   15.963236478480177
  ]
 ],
 "templeR0018": [
  [
   -0.9907152319448395,
   0.12973378744922395,
   -0.04065062836614822,
   1.2298805069079515
  ],
  [
   -0.05210828887394445,
   -0.08618047092911973,
   0.9949159023058504,
   -20.38937675509502
  ],
  [
   0.1255709179034408,
   0.9877965736043602,
   0.09214051091877296,
   18.858800598663763
  ]
 ],
 "templeR0019": [
  [
   -0.989494494250478,
   0.13511741660487078,
   -0.05141915574974575,
   1.451085317009649
  ],
  [
   -0.04993251470427784,
   0.014370836691207534,
   0.9986491991826271,
   -20.46817127801838
  ],
  [
   0.1356738361781589,
   0.9907253720294141,
   -0.0074731113922951176,
   20.811771554501156
  ]
 ],
 "templeR0020": [
  [
   -0.9901472510328116,
   0.12408749574366046,
   -0.06489001981994869,
   1.7116595726324475
  ],
  [
   -0.05254436025399858,
   0.10030054150080392,
   0.993568765400837,
   -20.3968624064784
  ],
  [
   0.1297979640736491,
   0.9871889863520119,
   -0.09279220736475202,
   22.575137182060693
  ]
 ],
 "templeR0021": [
  [
   -0.988210697330827,
   0.12790694075637463,
   -0.08413936169989496,
   2.111735377298009
  ],
  [
   -0.055926694370301615,
   0.21000451089498484,
   0.9760995391150273,
   -20.04559544718957
  ],
  [
   0.14251955142271308,
   0.9692976425794624,
   -0.20037529177063018,
   24.754003443757764
  ]
 ],
 "templeR0022": [
  [
   -0.9878493561103805,
   0.11957242201396906,
   -0.0992778199096851,
   2.4143538480976976
  ],
  [
   -0.05806983789223849,
   0.3085461019980025,
   0.9494351988782632,
   -19.518758548923174
  ],
  [
   0.14415805062318135,
   0.9436639967888736,
   -0.2978535170263612,
   26.761380321475436
  ]
 ],